"latitude","longitude","abc","station","prefixe","arms_name","arms_number","b_m_t","o_c","plate_number","Orientation","arms_campaign","image_name","arms","immersion_season","recovery_season","imm_time"
-21.10401,55.23598,NA,"CINARMS10","CINA","CINA4A",10,"B","F",1,"U","CINARMS","CINARMS10_1U.jpg","CINA4","imm_cold","rec_cold","1y"
-21.10401,55.23598,NA,"CINARMS10","CINA","CINA4A",10,"B","F",2,"D","CINARMS","CINARMS10_2D.jpg","CINA4","imm_cold","rec_cold","1y"
-21.10401,55.23598,NA,"CINARMS10","CINA","CINA4A",10,"B","O",2,"U","CINARMS","CINARMS10_2U.jpg","CINA4","imm_cold","rec_cold","1y"
-21.10401,55.23598,NA,"CINARMS10","CINA","CINA4A",10,"B","O",3,"D","CINARMS","CINARMS10_3D.jpg","CINA4","imm_cold","rec_cold","1y"
-21.10401,55.23598,NA,"CINARMS10","CINA","CINA4A",10,"M","F",3,"U","CINARMS","CINARMS10_3U.jpg","CINA4","imm_cold","rec_cold","1y"
-21.10401,55.23598,NA,"CINARMS10","CINA","CINA4A",10,"M","F",4,"D","CINARMS","CINARMS10_4D.jpg","CINA4","imm_cold","rec_cold","1y"
-21.10401,55.23598,NA,"CINARMS10","CINA","CINA4A",10,"M","O",4,"U","CINARMS","CINARMS10_4U.jpg","CINA4","imm_cold","rec_cold","1y"
-21.10401,55.23598,NA,"CINARMS10","CINA","CINA4A",10,"M","O",5,"D","CINARMS","CINARMS10_5D.jpg","CINA4","imm_cold","rec_cold","1y"
-21.10401,55.23598,NA,"CINARMS10","CINA","CINA4A",10,"M","F",5,"U","CINARMS","CINARMS10_5U.jpg","CINA4","imm_cold","rec_cold","1y"
-21.10401,55.23598,NA,"CINARMS10","CINA","CINA4A",10,"M","F",6,"D","CINARMS","CINARMS10_6D.jpg","CINA4","imm_cold","rec_cold","1y"
-21.10401,55.23598,NA,"CINARMS10","CINA","CINA4A",10,"M","O",6,"U","CINARMS","CINARMS10_6U.jpg","CINA4","imm_cold","rec_cold","1y"
-21.10401,55.23598,NA,"CINARMS10","CINA","CINA4A",10,"M","O",7,"D","CINARMS","CINARMS10_7D.jpg","CINA4","imm_cold","rec_cold","1y"
-21.10401,55.23598,NA,"CINARMS10","CINA","CINA4A",10,"H","F",7,"U","CINARMS","CINARMS10_7U.jpg","CINA4","imm_cold","rec_cold","1y"
-21.10401,55.23598,NA,"CINARMS10","CINA","CINA4A",10,"H","F",8,"D","CINARMS","CINARMS10_8D.jpg","CINA4","imm_cold","rec_cold","1y"
-21.10401,55.23598,NA,"CINARMS10","CINA","CINA4A",10,"H","O",8,"U","CINARMS","CINARMS10_8U.jpg","CINA4","imm_cold","rec_cold","1y"
-21.10401,55.23598,NA,"CINARMS10","CINA","CINA4A",10,"H","O",9,"D","CINARMS","CINARMS10_9D.jpg","CINA4","imm_cold","rec_cold","1y"
-21.10401,55.23598,NA,"CINARMS11","CINA","CINA4B",11,"B","F",1,"U","CINARMS","CINARMS11_1U.jpg","CINA4","imm_cold","rec_cold","1y"
-21.10401,55.23598,NA,"CINARMS11","CINA","CINA4B",11,"B","F",2,"D","CINARMS","CINARMS11_2D.jpg","CINA4","imm_cold","rec_cold","1y"
-21.10401,55.23598,NA,"CINARMS11","CINA","CINA4B",11,"B","O",2,"U","CINARMS","CINARMS11_2U.jpg","CINA4","imm_cold","rec_cold","1y"
-21.10401,55.23598,NA,"CINARMS11","CINA","CINA4B",11,"B","O",3,"D","CINARMS","CINARMS11_3D.jpg","CINA4","imm_cold","rec_cold","1y"
-21.10401,55.23598,NA,"CINARMS11","CINA","CINA4B",11,"M","F",3,"U","CINARMS","CINARMS11_3U.jpg","CINA4","imm_cold","rec_cold","1y"
-21.10401,55.23598,NA,"CINARMS11","CINA","CINA4B",11,"M","F",4,"D","CINARMS","CINARMS11_4D.jpg","CINA4","imm_cold","rec_cold","1y"
-21.10401,55.23598,NA,"CINARMS11","CINA","CINA4B",11,"M","O",4,"U","CINARMS","CINARMS11_4U.jpg","CINA4","imm_cold","rec_cold","1y"
-21.10401,55.23598,NA,"CINARMS11","CINA","CINA4B",11,"M","O",5,"D","CINARMS","CINARMS11_5D.jpg","CINA4","imm_cold","rec_cold","1y"
-21.10401,55.23598,NA,"CINARMS11","CINA","CINA4B",11,"M","F",5,"U","CINARMS","CINARMS11_5U.jpg","CINA4","imm_cold","rec_cold","1y"
-21.10401,55.23598,NA,"CINARMS11","CINA","CINA4B",11,"M","F",6,"D","CINARMS","CINARMS11_6D.jpg","CINA4","imm_cold","rec_cold","1y"
-21.10401,55.23598,NA,"CINARMS11","CINA","CINA4B",11,"M","O",6,"U","CINARMS","CINARMS11_6U.jpg","CINA4","imm_cold","rec_cold","1y"
-21.10401,55.23598,NA,"CINARMS11","CINA","CINA4B",11,"M","O",7,"D","CINARMS","CINARMS11_7D.jpg","CINA4","imm_cold","rec_cold","1y"
-21.10401,55.23598,NA,"CINARMS11","CINA","CINA4B",11,"H","F",7,"U","CINARMS","CINARMS11_7U.jpg","CINA4","imm_cold","rec_cold","1y"
-21.10401,55.23598,NA,"CINARMS11","CINA","CINA4B",11,"H","F",8,"D","CINARMS","CINARMS11_8D.jpg","CINA4","imm_cold","rec_cold","1y"
-21.10401,55.23598,NA,"CINARMS11","CINA","CINA4B",11,"H","O",8,"U","CINARMS","CINARMS11_8U.jpg","CINA4","imm_cold","rec_cold","1y"
-21.10401,55.23598,NA,"CINARMS11","CINA","CINA4B",11,"H","O",9,"D","CINARMS","CINARMS11_9D.jpg","CINA4","imm_cold","rec_cold","1y"
-21.10401,55.23598,NA,"CINARMS12","CINA","CINA4C",12,"B","F",1,"U","CINARMS","CINARMS12_1U.jpg","CINA4","imm_cold","rec_cold","1y"
-21.10401,55.23598,NA,"CINARMS12","CINA","CINA4C",12,"B","O",2,"D","CINARMS","CINARMS12_2D.jpg","CINA4","imm_cold","rec_cold","1y"
-21.10401,55.23598,NA,"CINARMS12","CINA","CINA4C",12,"B","O",2,"U","CINARMS","CINARMS12_2U.jpg","CINA4","imm_cold","rec_cold","1y"
-21.10401,55.23598,NA,"CINARMS12","CINA","CINA4C",12,"B","F",3,"D","CINARMS","CINARMS12_3D.jpg","CINA4","imm_cold","rec_cold","1y"
-21.10401,55.23598,NA,"CINARMS12","CINA","CINA4C",12,"M","F",3,"U","CINARMS","CINARMS12_3U.jpg","CINA4","imm_cold","rec_cold","1y"
-21.10401,55.23598,NA,"CINARMS12","CINA","CINA4C",12,"M","O",4,"D","CINARMS","CINARMS12_4D.jpg","CINA4","imm_cold","rec_cold","1y"
-21.10401,55.23598,NA,"CINARMS12","CINA","CINA4C",12,"M","O",4,"U","CINARMS","CINARMS12_4U.jpg","CINA4","imm_cold","rec_cold","1y"
-21.10401,55.23598,NA,"CINARMS12","CINA","CINA4C",12,"M","F",5,"D","CINARMS","CINARMS12_5D.jpg","CINA4","imm_cold","rec_cold","1y"
-21.10401,55.23598,NA,"CINARMS12","CINA","CINA4C",12,"M","F",5,"U","CINARMS","CINARMS12_5U.jpg","CINA4","imm_cold","rec_cold","1y"
-21.10401,55.23598,NA,"CINARMS12","CINA","CINA4C",12,"M","O",6,"D","CINARMS","CINARMS12_6D.jpg","CINA4","imm_cold","rec_cold","1y"
-21.10401,55.23598,NA,"CINARMS12","CINA","CINA4C",12,"M","O",6,"U","CINARMS","CINARMS12_6U.jpg","CINA4","imm_cold","rec_cold","1y"
-21.10401,55.23598,NA,"CINARMS12","CINA","CINA4C",12,"M","F",7,"D","CINARMS","CINARMS12_7D.jpg","CINA4","imm_cold","rec_cold","1y"
-21.10401,55.23598,NA,"CINARMS12","CINA","CINA4C",12,"H","F",7,"U","CINARMS","CINARMS12_7U.jpg","CINA4","imm_cold","rec_cold","1y"
-21.10401,55.23598,NA,"CINARMS12","CINA","CINA4C",12,"H","O",8,"D","CINARMS","CINARMS12_8D.jpg","CINA4","imm_cold","rec_cold","1y"
-21.10401,55.23598,NA,"CINARMS12","CINA","CINA4C",12,"H","O",8,"U","CINARMS","CINARMS12_8U.jpg","CINA4","imm_cold","rec_cold","1y"
-21.10401,55.23598,NA,"CINARMS12","CINA","CINA4C",12,"H","F",9,"D","CINARMS","CINARMS12_9D.jpg","CINA4","imm_cold","rec_cold","1y"
-21.10401,55.23598,NA,"CINARMS1","CINA","CINA1A",1,"B","F",1,"U","CINARMS","CINARMS1_1U.jpg","CINA1","imm_hot","rec_cold","6m"
-21.10401,55.23598,NA,"CINARMS1","CINA","CINA1A",1,"B","F",2,"D","CINARMS","CINARMS1_2D.jpg","CINA1","imm_hot","rec_cold","6m"
-21.10401,55.23598,NA,"CINARMS1","CINA","CINA1A",1,"B","O",2,"U","CINARMS","CINARMS1_2U.jpg","CINA1","imm_hot","rec_cold","6m"
-21.10401,55.23598,NA,"CINARMS1","CINA","CINA1A",1,"B","O",3,"D","CINARMS","CINARMS1_3D.jpg","CINA1","imm_hot","rec_cold","6m"
-21.10401,55.23598,NA,"CINARMS1","CINA","CINA1A",1,"M","F",3,"U","CINARMS","CINARMS1_3U.jpg","CINA1","imm_hot","rec_cold","6m"
-21.10401,55.23598,NA,"CINARMS1","CINA","CINA1A",1,"M","F",4,"D","CINARMS","CINARMS1_4D.jpg","CINA1","imm_hot","rec_cold","6m"
-21.10401,55.23598,NA,"CINARMS1","CINA","CINA1A",1,"M","O",4,"U","CINARMS","CINARMS1_4U.jpg","CINA1","imm_hot","rec_cold","6m"
-21.10401,55.23598,NA,"CINARMS1","CINA","CINA1A",1,"M","O",5,"D","CINARMS","CINARMS1_5D.jpg","CINA1","imm_hot","rec_cold","6m"
-21.10401,55.23598,NA,"CINARMS1","CINA","CINA1A",1,"M","F",5,"U","CINARMS","CINARMS1_5U.jpg","CINA1","imm_hot","rec_cold","6m"
-21.10401,55.23598,NA,"CINARMS1","CINA","CINA1A",1,"M","F",6,"D","CINARMS","CINARMS1_6D.jpg","CINA1","imm_hot","rec_cold","6m"
-21.10401,55.23598,NA,"CINARMS1","CINA","CINA1A",1,"M","O",6,"U","CINARMS","CINARMS1_6U.jpg","CINA1","imm_hot","rec_cold","6m"
-21.10401,55.23598,NA,"CINARMS1","CINA","CINA1A",1,"M","O",7,"D","CINARMS","CINARMS1_7D.jpg","CINA1","imm_hot","rec_cold","6m"
-21.10401,55.23598,NA,"CINARMS1","CINA","CINA1A",1,"H","F",7,"U","CINARMS","CINARMS1_7U.jpg","CINA1","imm_hot","rec_cold","6m"
-21.10401,55.23598,NA,"CINARMS1","CINA","CINA1A",1,"H","F",8,"D","CINARMS","CINARMS1_8D.jpg","CINA1","imm_hot","rec_cold","6m"
-21.10401,55.23598,NA,"CINARMS1","CINA","CINA1A",1,"H","O",8,"U","CINARMS","CINARMS1_8U.jpg","CINA1","imm_hot","rec_cold","6m"
-21.10401,55.23598,NA,"CINARMS1","CINA","CINA1A",1,"H","O",9,"D","CINARMS","CINARMS1_9D.jpg","CINA1","imm_hot","rec_cold","6m"
-21.10401,55.23598,NA,"CINARMS2","CINA","CINA1B",2,"B","F",1,"U","CINARMS","CINARMS2_1U.jpg","CINA1","imm_hot","rec_cold","6m"
-21.10401,55.23598,NA,"CINARMS2","CINA","CINA1B",2,"B","F",2,"D","CINARMS","CINARMS2_2D.jpg","CINA1","imm_hot","rec_cold","6m"
-21.10401,55.23598,NA,"CINARMS2","CINA","CINA1B",2,"B","O",2,"U","CINARMS","CINARMS2_2U.jpg","CINA1","imm_hot","rec_cold","6m"
-21.10401,55.23598,NA,"CINARMS2","CINA","CINA1B",2,"B","O",3,"D","CINARMS","CINARMS2_3D.jpg","CINA1","imm_hot","rec_cold","6m"
-21.10401,55.23598,NA,"CINARMS2","CINA","CINA1B",2,"M","F",3,"U","CINARMS","CINARMS2_3U.jpg","CINA1","imm_hot","rec_cold","6m"
-21.10401,55.23598,NA,"CINARMS2","CINA","CINA1B",2,"M","F",4,"D","CINARMS","CINARMS2_4D.jpg","CINA1","imm_hot","rec_cold","6m"
-21.10401,55.23598,NA,"CINARMS2","CINA","CINA1B",2,"M","O",4,"U","CINARMS","CINARMS2_4U.jpg","CINA1","imm_hot","rec_cold","6m"
-21.10401,55.23598,NA,"CINARMS2","CINA","CINA1B",2,"M","O",5,"D","CINARMS","CINARMS2_5D.jpg","CINA1","imm_hot","rec_cold","6m"
-21.10401,55.23598,NA,"CINARMS2","CINA","CINA1B",2,"M","F",5,"U","CINARMS","CINARMS2_5U.jpg","CINA1","imm_hot","rec_cold","6m"
-21.10401,55.23598,NA,"CINARMS2","CINA","CINA1B",2,"M","F",6,"D","CINARMS","CINARMS2_6D.jpg","CINA1","imm_hot","rec_cold","6m"
-21.10401,55.23598,NA,"CINARMS2","CINA","CINA1B",2,"M","O",6,"U","CINARMS","CINARMS2_6U.jpg","CINA1","imm_hot","rec_cold","6m"
-21.10401,55.23598,NA,"CINARMS2","CINA","CINA1B",2,"M","O",7,"D","CINARMS","CINARMS2_7D.jpg","CINA1","imm_hot","rec_cold","6m"
-21.10401,55.23598,NA,"CINARMS2","CINA","CINA1B",2,"H","F",7,"U","CINARMS","CINARMS2_7U.jpg","CINA1","imm_hot","rec_cold","6m"
-21.10401,55.23598,NA,"CINARMS2","CINA","CINA1B",2,"H","F",8,"D","CINARMS","CINARMS2_8D.jpg","CINA1","imm_hot","rec_cold","6m"
-21.10401,55.23598,NA,"CINARMS2","CINA","CINA1B",2,"H","O",8,"U","CINARMS","CINARMS2_8U.jpg","CINA1","imm_hot","rec_cold","6m"
-21.10401,55.23598,NA,"CINARMS2","CINA","CINA1B",2,"H","O",9,"D","CINARMS","CINARMS2_9D.jpg","CINA1","imm_hot","rec_cold","6m"
-21.10401,55.23598,NA,"CINARMS3","CINA","CINA1C",3,"B","F",1,"U","CINARMS","CINARMS3_1U.jpg","CINA1","imm_hot","rec_cold","6m"
-21.10401,55.23598,NA,"CINARMS3","CINA","CINA1C",3,"B","F",2,"D","CINARMS","CINARMS3_2D.jpg","CINA1","imm_hot","rec_cold","6m"
-21.10401,55.23598,NA,"CINARMS3","CINA","CINA1C",3,"B","O",2,"U","CINARMS","CINARMS3_2U.jpg","CINA1","imm_hot","rec_cold","6m"
-21.10401,55.23598,NA,"CINARMS3","CINA","CINA1C",3,"B","O",3,"D","CINARMS","CINARMS3_3D.jpg","CINA1","imm_hot","rec_cold","6m"
-21.10401,55.23598,NA,"CINARMS3","CINA","CINA1C",3,"M","F",3,"U","CINARMS","CINARMS3_3U.jpg","CINA1","imm_hot","rec_cold","6m"
-21.10401,55.23598,NA,"CINARMS3","CINA","CINA1C",3,"M","F",4,"D","CINARMS","CINARMS3_4D.jpg","CINA1","imm_hot","rec_cold","6m"
-21.10401,55.23598,NA,"CINARMS3","CINA","CINA1C",3,"M","O",4,"U","CINARMS","CINARMS3_4U.jpg","CINA1","imm_hot","rec_cold","6m"
-21.10401,55.23598,NA,"CINARMS3","CINA","CINA1C",3,"M","O",5,"D","CINARMS","CINARMS3_5D.jpg","CINA1","imm_hot","rec_cold","6m"
-21.10401,55.23598,NA,"CINARMS3","CINA","CINA1C",3,"M","F",5,"U","CINARMS","CINARMS3_5U.jpg","CINA1","imm_hot","rec_cold","6m"
-21.10401,55.23598,NA,"CINARMS3","CINA","CINA1C",3,"M","F",6,"D","CINARMS","CINARMS3_6D.jpg","CINA1","imm_hot","rec_cold","6m"
-21.10401,55.23598,NA,"CINARMS3","CINA","CINA1C",3,"M","O",6,"U","CINARMS","CINARMS3_6U.jpg","CINA1","imm_hot","rec_cold","6m"
-21.10401,55.23598,NA,"CINARMS3","CINA","CINA1C",3,"M","O",7,"D","CINARMS","CINARMS3_7D.jpg","CINA1","imm_hot","rec_cold","6m"
-21.10401,55.23598,NA,"CINARMS3","CINA","CINA1C",3,"H","F",7,"U","CINARMS","CINARMS3_7U.jpg","CINA1","imm_hot","rec_cold","6m"
-21.10401,55.23598,NA,"CINARMS3","CINA","CINA1C",3,"H","F",8,"D","CINARMS","CINARMS3_8D.jpg","CINA1","imm_hot","rec_cold","6m"
-21.10401,55.23598,NA,"CINARMS3","CINA","CINA1C",3,"H","O",8,"U","CINARMS","CINARMS3_8U.jpg","CINA1","imm_hot","rec_cold","6m"
-21.10401,55.23598,NA,"CINARMS3","CINA","CINA1C",3,"H","O",9,"D","CINARMS","CINARMS3_9D.jpg","CINA1","imm_hot","rec_cold","6m"
-21.10401,55.23598,NA,"CINARMS4","CINA","CINA2A",4,"B","F",1,"U","CINARMS","CINARMS4_1U.jpg","CINA2","imm_hot","rec_hot","1y"
-21.10401,55.23598,NA,"CINARMS4","CINA","CINA2A",4,"B","F",2,"D","CINARMS","CINARMS4_2D.jpg","CINA2","imm_hot","rec_hot","1y"
-21.10401,55.23598,NA,"CINARMS4","CINA","CINA2A",4,"B","O",2,"U","CINARMS","CINARMS4_2U.jpg","CINA2","imm_hot","rec_hot","1y"
-21.10401,55.23598,NA,"CINARMS4","CINA","CINA2A",4,"B","O",3,"D","CINARMS","CINARMS4_3D.jpg","CINA2","imm_hot","rec_hot","1y"
-21.10401,55.23598,NA,"CINARMS4","CINA","CINA2A",4,"M","F",3,"U","CINARMS","CINARMS4_3U.jpg","CINA2","imm_hot","rec_hot","1y"
-21.10401,55.23598,NA,"CINARMS4","CINA","CINA2A",4,"M","F",4,"D","CINARMS","CINARMS4_4D.jpg","CINA2","imm_hot","rec_hot","1y"
-21.10401,55.23598,NA,"CINARMS4","CINA","CINA2A",4,"M","O",4,"U","CINARMS","CINARMS4_4U.jpg","CINA2","imm_hot","rec_hot","1y"
-21.10401,55.23598,NA,"CINARMS4","CINA","CINA2A",4,"M","O",5,"D","CINARMS","CINARMS4_5D.jpg","CINA2","imm_hot","rec_hot","1y"
-21.10401,55.23598,NA,"CINARMS4","CINA","CINA2A",4,"M","F",5,"U","CINARMS","CINARMS4_5U.jpg","CINA2","imm_hot","rec_hot","1y"
-21.10401,55.23598,NA,"CINARMS4","CINA","CINA2A",4,"M","F",6,"D","CINARMS","CINARMS4_6D.jpg","CINA2","imm_hot","rec_hot","1y"
-21.10401,55.23598,NA,"CINARMS4","CINA","CINA2A",4,"M","O",6,"U","CINARMS","CINARMS4_6U.jpg","CINA2","imm_hot","rec_hot","1y"
-21.10401,55.23598,NA,"CINARMS4","CINA","CINA2A",4,"M","O",7,"D","CINARMS","CINARMS4_7D.jpg","CINA2","imm_hot","rec_hot","1y"
-21.10401,55.23598,NA,"CINARMS4","CINA","CINA2A",4,"H","F",7,"U","CINARMS","CINARMS4_7U.jpg","CINA2","imm_hot","rec_hot","1y"
-21.10401,55.23598,NA,"CINARMS4","CINA","CINA2A",4,"H","F",8,"D","CINARMS","CINARMS4_8D.jpg","CINA2","imm_hot","rec_hot","1y"
-21.10401,55.23598,NA,"CINARMS4","CINA","CINA2A",4,"H","O",8,"U","CINARMS","CINARMS4_8U.jpg","CINA2","imm_hot","rec_hot","1y"
-21.10401,55.23598,NA,"CINARMS4","CINA","CINA2A",4,"H","O",9,"D","CINARMS","CINARMS4_9D.jpg","CINA2","imm_hot","rec_hot","1y"
-21.10401,55.23598,NA,"CINARMS5","CINA","CINA2B",5,"B","F",1,"U","CINARMS","CINARMS5_1U.jpg","CINA2","imm_hot","rec_hot","1y"
-21.10401,55.23598,NA,"CINARMS5","CINA","CINA2B",5,"B","F",2,"D","CINARMS","CINARMS5_2D.jpg","CINA2","imm_hot","rec_hot","1y"
-21.10401,55.23598,NA,"CINARMS5","CINA","CINA2B",5,"B","O",2,"U","CINARMS","CINARMS5_2U.jpg","CINA2","imm_hot","rec_hot","1y"
-21.10401,55.23598,NA,"CINARMS5","CINA","CINA2B",5,"B","O",3,"D","CINARMS","CINARMS5_3D.jpg","CINA2","imm_hot","rec_hot","1y"
-21.10401,55.23598,NA,"CINARMS5","CINA","CINA2B",5,"M","F",3,"U","CINARMS","CINARMS5_3U.jpg","CINA2","imm_hot","rec_hot","1y"
-21.10401,55.23598,NA,"CINARMS5","CINA","CINA2B",5,"M","F",4,"D","CINARMS","CINARMS5_4D.jpg","CINA2","imm_hot","rec_hot","1y"
-21.10401,55.23598,NA,"CINARMS5","CINA","CINA2B",5,"M","O",4,"U","CINARMS","CINARMS5_4U.jpg","CINA2","imm_hot","rec_hot","1y"
-21.10401,55.23598,NA,"CINARMS5","CINA","CINA2B",5,"M","O",5,"D","CINARMS","CINARMS5_5D.jpg","CINA2","imm_hot","rec_hot","1y"
-21.10401,55.23598,NA,"CINARMS5","CINA","CINA2B",5,"M","F",5,"U","CINARMS","CINARMS5_5U.jpg","CINA2","imm_hot","rec_hot","1y"
-21.10401,55.23598,NA,"CINARMS5","CINA","CINA2B",5,"M","F",6,"D","CINARMS","CINARMS5_6D.jpg","CINA2","imm_hot","rec_hot","1y"
-21.10401,55.23598,NA,"CINARMS5","CINA","CINA2B",5,"M","O",6,"U","CINARMS","CINARMS5_6U.jpg","CINA2","imm_hot","rec_hot","1y"
-21.10401,55.23598,NA,"CINARMS5","CINA","CINA2B",5,"M","O",7,"D","CINARMS","CINARMS5_7D.jpg","CINA2","imm_hot","rec_hot","1y"
-21.10401,55.23598,NA,"CINARMS5","CINA","CINA2B",5,"H","F",7,"U","CINARMS","CINARMS5_7U.jpg","CINA2","imm_hot","rec_hot","1y"
-21.10401,55.23598,NA,"CINARMS5","CINA","CINA2B",5,"H","F",8,"D","CINARMS","CINARMS5_8D.jpg","CINA2","imm_hot","rec_hot","1y"
-21.10401,55.23598,NA,"CINARMS5","CINA","CINA2B",5,"H","O",8,"U","CINARMS","CINARMS5_8U.jpg","CINA2","imm_hot","rec_hot","1y"
-21.10401,55.23598,NA,"CINARMS5","CINA","CINA2B",5,"H","O",9,"D","CINARMS","CINARMS5_9D.jpg","CINA2","imm_hot","rec_hot","1y"
-21.10401,55.23598,NA,"CINARMS6","CINA","CINA2C",6,"B","F",1,"U","CINARMS","CINARMS6_1U.jpg","CINA2","imm_hot","rec_hot","1y"
-21.10401,55.23598,NA,"CINARMS6","CINA","CINA2C",6,"B","F",2,"D","CINARMS","CINARMS6_2D.jpg","CINA2","imm_hot","rec_hot","1y"
-21.10401,55.23598,NA,"CINARMS6","CINA","CINA2C",6,"B","O",2,"U","CINARMS","CINARMS6_2U.jpg","CINA2","imm_hot","rec_hot","1y"
-21.10401,55.23598,NA,"CINARMS6","CINA","CINA2C",6,"B","O",3,"D","CINARMS","CINARMS6_3D.jpg","CINA2","imm_hot","rec_hot","1y"
-21.10401,55.23598,NA,"CINARMS6","CINA","CINA2C",6,"M","F",3,"U","CINARMS","CINARMS6_3U.jpg","CINA2","imm_hot","rec_hot","1y"
-21.10401,55.23598,NA,"CINARMS6","CINA","CINA2C",6,"M","F",4,"D","CINARMS","CINARMS6_4D.jpg","CINA2","imm_hot","rec_hot","1y"
-21.10401,55.23598,NA,"CINARMS6","CINA","CINA2C",6,"M","O",4,"U","CINARMS","CINARMS6_4U.jpg","CINA2","imm_hot","rec_hot","1y"
-21.10401,55.23598,NA,"CINARMS6","CINA","CINA2C",6,"M","O",5,"D","CINARMS","CINARMS6_5D.jpg","CINA2","imm_hot","rec_hot","1y"
-21.10401,55.23598,NA,"CINARMS6","CINA","CINA2C",6,"M","F",5,"U","CINARMS","CINARMS6_5U.jpg","CINA2","imm_hot","rec_hot","1y"
-21.10401,55.23598,NA,"CINARMS6","CINA","CINA2C",6,"M","F",6,"D","CINARMS","CINARMS6_6D.jpg","CINA2","imm_hot","rec_hot","1y"
-21.10401,55.23598,NA,"CINARMS6","CINA","CINA2C",6,"M","O",6,"U","CINARMS","CINARMS6_6U.jpg","CINA2","imm_hot","rec_hot","1y"
-21.10401,55.23598,NA,"CINARMS6","CINA","CINA2C",6,"M","O",7,"D","CINARMS","CINARMS6_7D.jpg","CINA2","imm_hot","rec_hot","1y"
-21.10401,55.23598,NA,"CINARMS6","CINA","CINA2C",6,"H","F",7,"U","CINARMS","CINARMS6_7U.jpg","CINA2","imm_hot","rec_hot","1y"
-21.10401,55.23598,NA,"CINARMS6","CINA","CINA2C",6,"H","F",8,"D","CINARMS","CINARMS6_8D.jpg","CINA2","imm_hot","rec_hot","1y"
-21.10401,55.23598,NA,"CINARMS6","CINA","CINA2C",6,"H","O",8,"U","CINARMS","CINARMS6_8U.jpg","CINA2","imm_hot","rec_hot","1y"
-21.10401,55.23598,NA,"CINARMS6","CINA","CINA2C",6,"H","O",9,"D","CINARMS","CINARMS6_9D.jpg","CINA2","imm_hot","rec_hot","1y"
-21.10401,55.23598,NA,"CINARMS7","CINA","CINA3A",7,"B","F",1,"U","CINARMS","CINARMS7_1U.jpg","CINA3","imm_cold","rec_hot","6m"
-21.10401,55.23598,NA,"CINARMS7","CINA","CINA3A",7,"B","F",2,"D","CINARMS","CINARMS7_2D.jpg","CINA3","imm_cold","rec_hot","6m"
-21.10401,55.23598,NA,"CINARMS7","CINA","CINA3A",7,"B","O",2,"U","CINARMS","CINARMS7_2U.jpg","CINA3","imm_cold","rec_hot","6m"
-21.10401,55.23598,NA,"CINARMS7","CINA","CINA3A",7,"B","O",3,"D","CINARMS","CINARMS7_3D.jpg","CINA3","imm_cold","rec_hot","6m"
-21.10401,55.23598,NA,"CINARMS7","CINA","CINA3A",7,"M","F",3,"U","CINARMS","CINARMS7_3U.jpg","CINA3","imm_cold","rec_hot","6m"
-21.10401,55.23598,NA,"CINARMS7","CINA","CINA3A",7,"M","F",4,"D","CINARMS","CINARMS7_4D.jpg","CINA3","imm_cold","rec_hot","6m"
-21.10401,55.23598,NA,"CINARMS7","CINA","CINA3A",7,"M","O",4,"U","CINARMS","CINARMS7_4U.jpg","CINA3","imm_cold","rec_hot","6m"
-21.10401,55.23598,NA,"CINARMS7","CINA","CINA3A",7,"M","O",5,"D","CINARMS","CINARMS7_5D.jpg","CINA3","imm_cold","rec_hot","6m"
-21.10401,55.23598,NA,"CINARMS7","CINA","CINA3A",7,"M","F",5,"U","CINARMS","CINARMS7_5U.jpg","CINA3","imm_cold","rec_hot","6m"
-21.10401,55.23598,NA,"CINARMS7","CINA","CINA3A",7,"M","F",6,"D","CINARMS","CINARMS7_6D.jpg","CINA3","imm_cold","rec_hot","6m"
-21.10401,55.23598,NA,"CINARMS7","CINA","CINA3A",7,"M","O",6,"U","CINARMS","CINARMS7_6U.jpg","CINA3","imm_cold","rec_hot","6m"
-21.10401,55.23598,NA,"CINARMS7","CINA","CINA3A",7,"M","O",7,"D","CINARMS","CINARMS7_7D.jpg","CINA3","imm_cold","rec_hot","6m"
-21.10401,55.23598,NA,"CINARMS7","CINA","CINA3A",7,"H","F",7,"U","CINARMS","CINARMS7_7U.jpg","CINA3","imm_cold","rec_hot","6m"
-21.10401,55.23598,NA,"CINARMS7","CINA","CINA3A",7,"H","F",8,"D","CINARMS","CINARMS7_8D.jpg","CINA3","imm_cold","rec_hot","6m"
-21.10401,55.23598,NA,"CINARMS7","CINA","CINA3A",7,"H","O",8,"U","CINARMS","CINARMS7_8U.jpg","CINA3","imm_cold","rec_hot","6m"
-21.10401,55.23598,NA,"CINARMS7","CINA","CINA3A",7,"H","O",9,"D","CINARMS","CINARMS7_9D.jpg","CINA3","imm_cold","rec_hot","6m"
-21.10401,55.23598,NA,"CINARMS8","CINA","CINA3B",8,"B","F",1,"U","CINARMS","CINARMS8_1U.jpg","CINA3","imm_cold","rec_hot","6m"
-21.10401,55.23598,NA,"CINARMS8","CINA","CINA3B",8,"B","F",2,"D","CINARMS","CINARMS8_2D.jpg","CINA3","imm_cold","rec_hot","6m"
-21.10401,55.23598,NA,"CINARMS8","CINA","CINA3B",8,"B","O",2,"U","CINARMS","CINARMS8_2U.jpg","CINA3","imm_cold","rec_hot","6m"
-21.10401,55.23598,NA,"CINARMS8","CINA","CINA3B",8,"B","O",3,"D","CINARMS","CINARMS8_3D.jpg","CINA3","imm_cold","rec_hot","6m"
-21.10401,55.23598,NA,"CINARMS8","CINA","CINA3B",8,"M","F",3,"U","CINARMS","CINARMS8_3U.jpg","CINA3","imm_cold","rec_hot","6m"
-21.10401,55.23598,NA,"CINARMS8","CINA","CINA3B",8,"M","F",4,"D","CINARMS","CINARMS8_4D.jpg","CINA3","imm_cold","rec_hot","6m"
-21.10401,55.23598,NA,"CINARMS8","CINA","CINA3B",8,"M","O",4,"U","CINARMS","CINARMS8_4U.jpg","CINA3","imm_cold","rec_hot","6m"
-21.10401,55.23598,NA,"CINARMS8","CINA","CINA3B",8,"M","O",5,"D","CINARMS","CINARMS8_5D.jpg","CINA3","imm_cold","rec_hot","6m"
-21.10401,55.23598,NA,"CINARMS8","CINA","CINA3B",8,"M","F",5,"U","CINARMS","CINARMS8_5U.jpg","CINA3","imm_cold","rec_hot","6m"
-21.10401,55.23598,NA,"CINARMS8","CINA","CINA3B",8,"M","F",6,"D","CINARMS","CINARMS8_6D.jpg","CINA3","imm_cold","rec_hot","6m"
-21.10401,55.23598,NA,"CINARMS8","CINA","CINA3B",8,"M","O",6,"U","CINARMS","CINARMS8_6U.jpg","CINA3","imm_cold","rec_hot","6m"
-21.10401,55.23598,NA,"CINARMS8","CINA","CINA3B",8,"M","O",7,"D","CINARMS","CINARMS8_7D.jpg","CINA3","imm_cold","rec_hot","6m"
-21.10401,55.23598,NA,"CINARMS8","CINA","CINA3B",8,"H","F",7,"U","CINARMS","CINARMS8_7U.jpg","CINA3","imm_cold","rec_hot","6m"
-21.10401,55.23598,NA,"CINARMS8","CINA","CINA3B",8,"H","F",8,"D","CINARMS","CINARMS8_8D.jpg","CINA3","imm_cold","rec_hot","6m"
-21.10401,55.23598,NA,"CINARMS8","CINA","CINA3B",8,"H","O",8,"U","CINARMS","CINARMS8_8U.jpg","CINA3","imm_cold","rec_hot","6m"
-21.10401,55.23598,NA,"CINARMS8","CINA","CINA3B",8,"H","O",9,"D","CINARMS","CINARMS8_9D.jpg","CINA3","imm_cold","rec_hot","6m"
-21.10401,55.23598,NA,"CINARMS9","CINA","CINA3C",9,"B","F",1,"U","CINARMS","CINARMS9_1U.jpg","CINA3","imm_cold","rec_hot","6m"
-21.10401,55.23598,NA,"CINARMS9","CINA","CINA3C",9,"B","F",2,"D","CINARMS","CINARMS9_2D.jpg","CINA3","imm_cold","rec_hot","6m"
-21.10401,55.23598,NA,"CINARMS9","CINA","CINA3C",9,"B","O",2,"U","CINARMS","CINARMS9_2U.jpg","CINA3","imm_cold","rec_hot","6m"
-21.10401,55.23598,NA,"CINARMS9","CINA","CINA3C",9,"B","O",3,"D","CINARMS","CINARMS9_3D.jpg","CINA3","imm_cold","rec_hot","6m"
-21.10401,55.23598,NA,"CINARMS9","CINA","CINA3C",9,"M","F",3,"U","CINARMS","CINARMS9_3U.jpg","CINA3","imm_cold","rec_hot","6m"
-21.10401,55.23598,NA,"CINARMS9","CINA","CINA3C",9,"M","F",4,"D","CINARMS","CINARMS9_4D.jpg","CINA3","imm_cold","rec_hot","6m"
-21.10401,55.23598,NA,"CINARMS9","CINA","CINA3C",9,"M","O",4,"U","CINARMS","CINARMS9_4U.jpg","CINA3","imm_cold","rec_hot","6m"
-21.10401,55.23598,NA,"CINARMS9","CINA","CINA3C",9,"M","O",5,"D","CINARMS","CINARMS9_5D.jpg","CINA3","imm_cold","rec_hot","6m"
-21.10401,55.23598,NA,"CINARMS9","CINA","CINA3C",9,"M","F",5,"U","CINARMS","CINARMS9_5U.jpg","CINA3","imm_cold","rec_hot","6m"
-21.10401,55.23598,NA,"CINARMS9","CINA","CINA3C",9,"M","F",6,"D","CINARMS","CINARMS9_6D.jpg","CINA3","imm_cold","rec_hot","6m"
-21.10401,55.23598,NA,"CINARMS9","CINA","CINA3C",9,"M","O",6,"U","CINARMS","CINARMS9_6U.jpg","CINA3","imm_cold","rec_hot","6m"
-21.10401,55.23598,NA,"CINARMS9","CINA","CINA3C",9,"M","O",7,"D","CINARMS","CINARMS9_7D.jpg","CINA3","imm_cold","rec_hot","6m"
-21.10401,55.23598,NA,"CINARMS9","CINA","CINA3C",9,"H","F",7,"U","CINARMS","CINARMS9_7U.jpg","CINA3","imm_cold","rec_hot","6m"
-21.10401,55.23598,NA,"CINARMS9","CINA","CINA3C",9,"H","F",8,"D","CINARMS","CINARMS9_8D.jpg","CINA3","imm_cold","rec_hot","6m"
-21.10401,55.23598,NA,"CINARMS9","CINA","CINA3C",9,"H","O",8,"U","CINARMS","CINARMS9_8U.jpg","CINA3","imm_cold","rec_hot","6m"
-21.10401,55.23598,NA,"CINARMS9","CINA","CINA3C",9,"H","O",9,"D","CINARMS","CINARMS9_9D.jpg","CINA3","imm_cold","rec_hot","6m"
-21.10401,55.23598,"A","RUNARMS2","RUNA","RUNA2A",2,"B","F",1,"U","RUNARMS","RUNARMS2A_1U.jpg","RUNA2","imm_hot","rec_hot","2y"
-21.10401,55.23598,"A","RUNARMS2","RUNA","RUNA2A",2,"B","F",2,"D","RUNARMS","RUNARMS2A_2D.jpg","RUNA2","imm_hot","rec_hot","2y"
-21.10401,55.23598,"A","RUNARMS2","RUNA","RUNA2A",2,"B","O",2,"U","RUNARMS","RUNARMS2A_2U.jpg","RUNA2","imm_hot","rec_hot","2y"
-21.10401,55.23598,"A","RUNARMS2","RUNA","RUNA2A",2,"B","O",3,"D","RUNARMS","RUNARMS2A_3D.jpg","RUNA2","imm_hot","rec_hot","2y"
-21.10401,55.23598,"A","RUNARMS2","RUNA","RUNA2A",2,"M","F",3,"U","RUNARMS","RUNARMS2A_3U.jpg","RUNA2","imm_hot","rec_hot","2y"
-21.10401,55.23598,"A","RUNARMS2","RUNA","RUNA2A",2,"M","F",4,"D","RUNARMS","RUNARMS2A_4D.jpg","RUNA2","imm_hot","rec_hot","2y"
-21.10401,55.23598,"A","RUNARMS2","RUNA","RUNA2A",2,"M","O",4,"U","RUNARMS","RUNARMS2A_4U.jpg","RUNA2","imm_hot","rec_hot","2y"
-21.10401,55.23598,"A","RUNARMS2","RUNA","RUNA2A",2,"M","O",5,"D","RUNARMS","RUNARMS2A_5D.jpg","RUNA2","imm_hot","rec_hot","2y"
-21.10401,55.23598,"A","RUNARMS2","RUNA","RUNA2A",2,"M","F",5,"U","RUNARMS","RUNARMS2A_5U.jpg","RUNA2","imm_hot","rec_hot","2y"
-21.10401,55.23598,"A","RUNARMS2","RUNA","RUNA2A",2,"M","F",6,"D","RUNARMS","RUNARMS2A_6D.jpg","RUNA2","imm_hot","rec_hot","2y"
-21.10401,55.23598,"A","RUNARMS2","RUNA","RUNA2A",2,"M","O",6,"U","RUNARMS","RUNARMS2A_6U.jpg","RUNA2","imm_hot","rec_hot","2y"
-21.10401,55.23598,"A","RUNARMS2","RUNA","RUNA2A",2,"M","O",7,"D","RUNARMS","RUNARMS2A_7D.jpg","RUNA2","imm_hot","rec_hot","2y"
-21.10401,55.23598,"A","RUNARMS2","RUNA","RUNA2A",2,"H","F",7,"U","RUNARMS","RUNARMS2A_7U.jpg","RUNA2","imm_hot","rec_hot","2y"
-21.10401,55.23598,"A","RUNARMS2","RUNA","RUNA2A",2,"H","F",8,"D","RUNARMS","RUNARMS2A_8D.jpg","RUNA2","imm_hot","rec_hot","2y"
-21.10401,55.23598,"A","RUNARMS2","RUNA","RUNA2A",2,"H","O",8,"U","RUNARMS","RUNARMS2A_8U.jpg","RUNA2","imm_hot","rec_hot","2y"
-21.10401,55.23598,"A","RUNARMS2","RUNA","RUNA2A",2,"H","O",9,"D","RUNARMS","RUNARMS2A_9D.jpg","RUNA2","imm_hot","rec_hot","2y"
-21.10401,55.23598,"B","RUNARMS2","RUNA","RUNA2B",2,"B","F",1,"U","RUNARMS","RUNARMS2B_1U.jpg","RUNA2","imm_hot","rec_hot","2y"
-21.10401,55.23598,"B","RUNARMS2","RUNA","RUNA2B",2,"B","F",2,"D","RUNARMS","RUNARMS2B_2D.jpg","RUNA2","imm_hot","rec_hot","2y"
-21.10401,55.23598,"B","RUNARMS2","RUNA","RUNA2B",2,"B","O",2,"U","RUNARMS","RUNARMS2B_2U.jpg","RUNA2","imm_hot","rec_hot","2y"
-21.10401,55.23598,"B","RUNARMS2","RUNA","RUNA2B",2,"B","O",3,"D","RUNARMS","RUNARMS2B_3D.jpg","RUNA2","imm_hot","rec_hot","2y"
-21.10401,55.23598,"B","RUNARMS2","RUNA","RUNA2B",2,"M","F",3,"U","RUNARMS","RUNARMS2B_3U.jpg","RUNA2","imm_hot","rec_hot","2y"
-21.10401,55.23598,"B","RUNARMS2","RUNA","RUNA2B",2,"M","F",4,"D","RUNARMS","RUNARMS2B_4D.jpg","RUNA2","imm_hot","rec_hot","2y"
-21.10401,55.23598,"B","RUNARMS2","RUNA","RUNA2B",2,"M","O",4,"U","RUNARMS","RUNARMS2B_4U.jpg","RUNA2","imm_hot","rec_hot","2y"
-21.10401,55.23598,"B","RUNARMS2","RUNA","RUNA2B",2,"M","O",5,"D","RUNARMS","RUNARMS2B_5D.jpg","RUNA2","imm_hot","rec_hot","2y"
-21.10401,55.23598,"B","RUNARMS2","RUNA","RUNA2B",2,"M","F",5,"U","RUNARMS","RUNARMS2B_5U.jpg","RUNA2","imm_hot","rec_hot","2y"
-21.10401,55.23598,"B","RUNARMS2","RUNA","RUNA2B",2,"M","F",6,"D","RUNARMS","RUNARMS2B_6D.jpg","RUNA2","imm_hot","rec_hot","2y"
-21.10401,55.23598,"B","RUNARMS2","RUNA","RUNA2B",2,"M","O",6,"U","RUNARMS","RUNARMS2B_6U.jpg","RUNA2","imm_hot","rec_hot","2y"
-21.10401,55.23598,"B","RUNARMS2","RUNA","RUNA2B",2,"M","O",7,"D","RUNARMS","RUNARMS2B_7D.jpg","RUNA2","imm_hot","rec_hot","2y"
-21.10401,55.23598,"B","RUNARMS2","RUNA","RUNA2B",2,"H","F",7,"U","RUNARMS","RUNARMS2B_7U.jpg","RUNA2","imm_hot","rec_hot","2y"
-21.10401,55.23598,"B","RUNARMS2","RUNA","RUNA2B",2,"H","F",8,"D","RUNARMS","RUNARMS2B_8D.jpg","RUNA2","imm_hot","rec_hot","2y"
-21.10401,55.23598,"B","RUNARMS2","RUNA","RUNA2B",2,"H","O",8,"U","RUNARMS","RUNARMS2B_8U.jpg","RUNA2","imm_hot","rec_hot","2y"
-21.10401,55.23598,"B","RUNARMS2","RUNA","RUNA2B",2,"H","O",9,"D","RUNARMS","RUNARMS2B_9D.jpg","RUNA2","imm_hot","rec_hot","2y"
-21.10401,55.23598,"C","RUNARMS2","RUNA","RUNA2C",2,"B","F",1,"U","RUNARMS","RUNARMS2C_1U.jpg","RUNA2","imm_hot","rec_hot","2y"
-21.10401,55.23598,"C","RUNARMS2","RUNA","RUNA2C",2,"B","F",2,"D","RUNARMS","RUNARMS2C_2D.jpg","RUNA2","imm_hot","rec_hot","2y"
-21.10401,55.23598,"C","RUNARMS2","RUNA","RUNA2C",2,"B","O",2,"U","RUNARMS","RUNARMS2C_2U.jpg","RUNA2","imm_hot","rec_hot","2y"
-21.10401,55.23598,"C","RUNARMS2","RUNA","RUNA2C",2,"B","O",3,"D","RUNARMS","RUNARMS2C_3D.jpg","RUNA2","imm_hot","rec_hot","2y"
-21.10401,55.23598,"C","RUNARMS2","RUNA","RUNA2C",2,"M","F",3,"U","RUNARMS","RUNARMS2C_3U.jpg","RUNA2","imm_hot","rec_hot","2y"
-21.10401,55.23598,"C","RUNARMS2","RUNA","RUNA2C",2,"M","F",4,"D","RUNARMS","RUNARMS2C_4D.jpg","RUNA2","imm_hot","rec_hot","2y"
-21.10401,55.23598,"C","RUNARMS2","RUNA","RUNA2C",2,"M","O",4,"U","RUNARMS","RUNARMS2C_4U.jpg","RUNA2","imm_hot","rec_hot","2y"
-21.10401,55.23598,"C","RUNARMS2","RUNA","RUNA2C",2,"M","O",5,"D","RUNARMS","RUNARMS2C_5D.jpg","RUNA2","imm_hot","rec_hot","2y"
-21.10401,55.23598,"C","RUNARMS2","RUNA","RUNA2C",2,"M","F",5,"U","RUNARMS","RUNARMS2C_5U.jpg","RUNA2","imm_hot","rec_hot","2y"
-21.10401,55.23598,"C","RUNARMS2","RUNA","RUNA2C",2,"M","F",6,"D","RUNARMS","RUNARMS2C_6D.jpg","RUNA2","imm_hot","rec_hot","2y"
-21.10401,55.23598,"C","RUNARMS2","RUNA","RUNA2C",2,"M","O",6,"U","RUNARMS","RUNARMS2C_6U.jpg","RUNA2","imm_hot","rec_hot","2y"
-21.10401,55.23598,"C","RUNARMS2","RUNA","RUNA2C",2,"M","O",7,"D","RUNARMS","RUNARMS2C_7D.jpg","RUNA2","imm_hot","rec_hot","2y"
-21.10401,55.23598,"C","RUNARMS2","RUNA","RUNA2C",2,"H","F",7,"U","RUNARMS","RUNARMS2C_7U.jpg","RUNA2","imm_hot","rec_hot","2y"
-21.10401,55.23598,"C","RUNARMS2","RUNA","RUNA2C",2,"H","F",8,"D","RUNARMS","RUNARMS2C_8D.jpg","RUNA2","imm_hot","rec_hot","2y"
-21.10401,55.23598,"C","RUNARMS2","RUNA","RUNA2C",2,"H","O",8,"U","RUNARMS","RUNARMS2C_8U.jpg","RUNA2","imm_hot","rec_hot","2y"
-21.10411,55.23604,"C","RUNARMS2","RUNA","RUNA2C",2,"H","O",9,"D","RUNARMS","RUNARMS2C_9D.jpg","RUNA2","imm_hot","rec_hot","2y"
